id;saluation;first_name;last_name;email;telephone;mobile;fax;website_url;facebook;twitter
1;Lead Administrator;Ryleigh;Christiansen;Rosalind.Leuschke57@yahoo.com;73722;86430;orchestrate synthesizing;payment fault-tolerant Cambridgeshire;payment;Jordan Handmade Rubber Car Principal
2;matrices Product Bedfordshire;Wanda;Windler;Rachel.Satterfield@yahoo.com;82895;33857;Chair;Center Wooden;Ball blue open architecture;Regional
3;yellow;Rafael;Goodwin;Idella84@gmail.com;20032;70430;SQL;Director index;alarm;Somali Shilling
4;Nebraska Functionality convergence;Leo;Price;Ansel34@yahoo.com;91713;2882;online channels Strategist;internet solution calculating;Fantastic incentivize Point;Unbranded
5;Manat;Judson;Daugherty;Alfonso_Roob91@yahoo.com;26994;28398;hacking Fully-configurable backing up;Inverse navigate;Identity;Investment Account Money Market Account
6;Credit Card Account radical Awesome;Jadyn;Franecki;Mariela3@yahoo.com;99727;66117;Assimilated dynamic Bike;systems;Syrian Pound;neutral
7;redundant Analyst;Emerald;Bogan;Candido86@hotmail.com;83732;64851;COM Intelligent;Garden Music;Dynamic back-end;Solomon Islands Dollar
8;cross-media orchestrate;Una;Kuphal;Elda_Veum@gmail.com;73807;98267;Nepalese Rupee;Cambridgeshire IB Administrator;Investment Account Guam;Cross-platform SMTP modular
9;transmit Algerian Dinar Auto Loan Account;Brennon;Green;Sylvia_Gislason85@gmail.com;95923;59116;strategize Maine Nevada;efficient Implementation;RAM Brooks analyzing;Utah Manor
10;Lilangeni Outdoors;Maynard;Kertzmann;Joan_Ortiz17@yahoo.com;15190;89200;transmit;Corporate User-friendly South Georgia and the South Sandwich Islands;Research;index program
