id;i_d_pcode;reference;date;description
1;Incredible bypassing;Steel;2020-01-01T02:03:45;Re-engineered
2;alarm Cambridgeshire Strategist;Architect bluetooth;2019-12-31T13:26:12;Rustic Cotton Cheese payment Tools
3;e-commerce synthesize Metal;Garden hack concept;2020-01-01T04:39:20;knowledge base open-source Response
4;Intelligent;Alaska;2019-12-31T11:00:56;Fresh
5;Movies;framework Rustic transform;2020-01-01T02:18:20;Small Salad infomediaries
6;Accountability moratorium Global;hub instruction set;2019-12-31T11:33:56;Spur envisioneer auxiliary
7;yellow Senior Fantastic;Shoes lavender;2019-12-31T10:24:24;Ameliorated Lock Ball
8;scale Iowa;Applications SMTP American Samoa;2019-12-31T08:11:55;orchestrate Soft
9;Chicken Intelligent;Bedfordshire;2020-01-01T04:16:47;best-of-breed Pizza
10;Home;Awesome Cotton Hat Mission system;2019-12-31T14:35:45;Ergonomic Taka
