id;i_d_pcode;name;description
1;Music Falls Quality-focused;Incredible Metal Bacon Monitored;yellow Incredible Concrete Tuna
2;Mouse;Coordinator;Administrator Personal Loan Account Russian Federation
3;parsing Virgin Islands, U.S.;Cambridgeshire Street;end-to-end Personal Loan Account Berkshire
4;optimizing monitor;Home Dynamic transmitting;COM
5;Bacon;compress Bedfordshire;Investment Account Virginia Intuitive
6;Forward;Steel Distributed Cross-group;eyeballs
7;deposit fuchsia Small;IB Buckinghamshire Intranet;Computer
8;strategize optimizing;Montserrat;Keyboard Tasty applications
9;Clothing Customizable;Texas Field;Quality-focused transition Avon
10;Operative override;copying vortals Automotive;task-force Ball sky blue
