id;address_line_1;address_line_2;city_or_town;state;country;zipcode
1;models CFP Franc Human;Quality;Frozen hacking Home Loan Account;synthesizing;Israel;experiences Sports Handcrafted Concrete Chicken
2;Passage optical Customer;Cambridgeshire Pants;convergence;Health copy;Ethiopia;Chips override
3;Kids;Tasty microchip Awesome Wooden Table;invoice;indexing Ports;Western Sahara;Hat generating
4;solution Incredible capacitor;circuit hacking;interactive;navigate Skyway orchid;Timor-Leste;driver Alaska contextually-based
5;Refined Soft Sausages National National;Soap Orchestrator;program Shoes optical;Rustic Cotton Shoes systemic alarm;Cyprus;Neck Bacon withdrawal
6;bus;azure projection calculating;Texas;invoice Accounts Savings Account;Bermuda;invoice
7;parse relationships;deposit Greece;Representative;input payment;Pitcairn Islands;microchip calculate Money Market Account
8;Tasty Garden Identity;Tasty Ramp;benchmark;Rubber Principal;New Caledonia;Dynamic calculating
9;Advanced;Cameroon circuit navigating;virtual;transparent Savings Account Computer;Romania;open-source COM
10;Gorgeous Plastic Car Cambridgeshire;primary;compelling withdrawal task-force;national;Togo;USB Fantastic Steel Bike
